{"cameraMode":{"drawMode":0,"name":"Shaded","section":"Shading Mode"},"sceneLighting":false,"audioPlay":false,"sceneViewState":{"showFog":true,"showMaterialUpdate":false,"showSkybox":true,"showFlares":true,"showImageEffects":true,"showParticleSystems":true},"in2DMode":false,"pivot":{"x":22.606918334960939,"y":56.86466598510742,"z":-2.2801506519317629},"rotation":{"x":0.03179099038243294,"y":-0.9660899639129639,"z":0.2107776701450348,"w":0.1457131803035736},"size":137.75494384765626,"orthographic":false}