{"cameraMode":{"drawMode":0,"name":"Shaded","section":"Shading Mode"},"sceneLighting":true,"audioPlay":false,"sceneViewState":{"showFog":true,"showMaterialUpdate":false,"showSkybox":true,"showFlares":true,"showImageEffects":true,"showParticleSystems":true},"in2DMode":false,"pivot":{"x":623.2381591796875,"y":219.4273681640625,"z":120.1514892578125},"rotation":{"x":-0.1706637442111969,"y":0.32483381032943728,"z":-0.05971739813685417,"w":-0.9283284544944763},"size":1190.56640625,"orthographic":false}